{"cameraMode":{"drawMode":0,"name":"Shaded","section":"Shading Mode"},"sceneLighting":true,"audioPlay":false,"sceneViewState":{"showFog":true,"showMaterialUpdate":true,"showSkybox":false,"showFlares":true,"showImageEffects":true,"showParticleSystems":true,"showVisualEffectGraphs":true,"m_FxEnabled":true},"in2DMode":false,"pivot":{"x":0.5022963881492615,"y":-0.031200051307678224,"z":-0.1835613250732422},"rotation":{"x":0.14301885664463044,"y":0.1625182330608368,"z":-0.023814518004655839,"w":0.9760026335716248},"size":1.8373067378997803,"orthographic":false}